journal,year,citations,authors,title,URL,url,Done?,Does the paper use machine learning in the sense of our definition?,Unsupervised/Supervised/Both,Are there tunable hyperparameters?,model replicability,tuning replicability,Comment,MN,AK,LB,CA
American Political Science Review,2016,200,"K Benoit, D Conway, BE Lauderdale‚Ä¶",Crowd-sourced text analysis: Reproducible and agile production of political data,go to paper,https://www.cambridge.org/core/journals/american-political-science-review/article/crowdsourced-text-analysis-reproducible-and-agile-production-of-political-data/EC674A9384A19CFA357BC2B525461AC3,FALSE,FALSE,,FALSE,FALSE,FALSE,NO MACHINE LEARNING,MN: No ML,,,
American Political Science Review,2016,129,"A Rundlett, MW Svolik",Deliver the vote! micromotives and macrobehavior in electoral fraud,go to paper,https://www.cambridge.org/core/journals/american-political-science-review/article/deliver-the-vote-micromotives-and-macrobehavior-in-electoral-fraud/348D3A1DB751D4D4C91ABCDE2056F15E,FALSE,FALSE,,FALSE,FALSE,FALSE,NO MACHINE LEARNING,,,,
American Political Science Review,2016,98,"K Imai, J Lo, J Olmsted",Fast estimation of ideal points with massive data,go to paper,https://www.cambridge.org/core/journals/american-political-science-review/article/fast-estimation-of-ideal-points-with-massive-data/AF5A4B265846688D13AF6BD88E200FEA,FALSE,FALSE,,FALSE,FALSE,FALSE,NO HYPERPARAMETERS,"Introduce new EM algorithm for IRT models, no hyperparameters in algorithm","uses model from reference paper; we rely on variational Bayesian inference, which is a popular machine learning methodology, ",,
Political Analysis,2016,101,"K Imai, K Khanna",Improving ecological inference by predicting individual ethnicity from voter registration records,go to paper,https://www.cambridge.org/core/journals/political-analysis/article/improving-ecological-inference-by-predicting-individual-ethnicity-from-voter-registration-records/9DC8EBA269C25B1C606040196A3CB779,FALSE,FALSE,,FALSE,FALSE,FALSE,"NO MACHINE LEARNING

no ML, just applying the Bayes‚Äôs rule",Repo: https://dataverse.harvard.edu/dataset.xhtml?persistentId=doi:10.7910/DVN/QSZMPD ,The interpretability also enabled us to combine qualitative knowledge with modern machine learning,,
Political Analysis,2016,44,M Kasy,"Why experimenters might not always want to randomize, and what they could do instead",go to paper,https://www.cambridge.org/core/journals/political-analysis/article/why-experimenters-might-not-always-want-to-randomize-and-what-they-could-do-instead/79A12E7AB0921C50ECC1F1EA61EC1F8D,FALSE,FALSE,,FALSE,FALSE,FALSE,NO MACHINE LEARNING,,,,
Political Analysis,2016,27,"C Samii, L Paler, SZ Daly",Retrospective causal inference with machine learning ensembles: An application to anti-recidivism policies in colombia,go to paper,https://www.cambridge.org/core/journals/political-analysis/article/retrospective-causal-inference-with-machine-learning-ensembles-an-application-to-antirecidivism-policies-in-colombia/B27477770599A4CE0ACB9204685EA95B,TRUE,TRUE,Unsupervised,TRUE,FALSE,FALSE,"""using the default rule-of-thumb settings for the regularization parameters""
They use ML (Ensemble) but as a Retrospective causal study -> is this unsupervised?",,,,
Political Analysis,2016,189,"D Muchlinski, D Siroky, J He, M Kocher",Comparing random forest with logistic regression for predicting class-imbalanced civil war onset data,go to paper,https://www.cambridge.org/core/journals/political-analysis/article/comparing-random-forest-with-logistic-regression-for-predicting-classimbalanced-civil-war-onset-data/109E1511378A38BB4B41F721E6017FB1,TRUE,TRUE,Supervised,TRUE,FALSE,FALSE,random forest + logistic regression,,,,
Political Science Research and Methods,2016,30,"JE Settle, RM Bond, L Coviello, CJ Fariss‚Ä¶",From posting to voting: The effects of political competition on online political engagement,go to paper,https://www.cambridge.org/core/journals/political-science-research-and-methods/article/from-posting-to-voting-the-effects-of-political-competition-on-online-political-engagement/AEDE827E59D9B5895AAA600E357B4828,FALSE,FALSE,,FALSE,FALSE,FALSE,NO MACHINE LEARNING,,,,
American Political Science Review,2017,678,"G King, J Pan, ME Roberts","How the Chinese government fabricates social media posts for strategic distraction, not engaged argument",go to paper,https://www.cambridge.org/core/journals/american-political-science-review/article/how-the-chinese-government-fabricates-social-media-posts-for-strategic-distraction-not-engaged-argument/4662DB26E2685BAF1485F14369BD137C,FALSE,FALSE,,FALSE,FALSE,FALSE,NO MACHINE LEARNING,"MN: They still have hyperparameters in their polynomial regressions for RDD, but they don't claim it's machine learning. So I would leave it out.",LS/DW-DIME -> ich w√ºrde sagen kein ML paper weil machine learning nur in alternativen robustness check modell genutzt wird.,,
American Political Science Review,2017,172,ZC Steinert-Threlkeld,Spontaneous collective action: Peripheral mobilization during the Arab Spring,go to paper,https://www.cambridge.org/core/journals/american-political-science-review/article/spontaneous-collective-action-peripheral-mobilization-during-the-arab-spring/2E9A10C26CA53918CCAD479E6F7E4646,FALSE,FALSE,,FALSE,FALSE,FALSE,NO MACHINE LEARNING,Repo: https://dataverse.harvard.edu/dataset.xhtml?persistentId=doi:10.7910/DVN/LMW871,,,No HP tuning of alternative models. 
Political Analysis,2017,72,"M Ratkovic, D Tingley",Sparse estimation and uncertainty with application to subgroup analysis,go to paper,https://www.cambridge.org/core/journals/political-analysis/article/sparse-estimation-and-uncertainty-with-application-to-subgroup-analysis/2EBDD97D60DCCABA3CA4D341171B2D78,TRUE,TRUE,Supervised,FALSE,FALSE,FALSE,"Do they really indicate to use machine learning? ""B.3 Bounding the tuning parameter b‚ÄÄ
.""",,,,
Political Analysis,2017,63,"SJ Cranmer, BA Desmarais",What can we learn from predictive modeling?,go to paper,https://www.cambridge.org/core/journals/political-analysis/article/what-can-we-learn-from-predictive-modeling/DA6161B358A86146B2DB3E5025461554,TRUE,TRUE,Supervised,TRUE,FALSE,FALSE,"own implementation of grid search ""For all of the tuning parameters
described below, we set the range of parameter values we test such that none of the optimal
parameter values lie at the boundaries of the range.""","Puh ganz komischer Fall. Es wird viel √ºber die ""tuning parameter"" geredet aum im neural network, was ja definitiv getuned werden muss. Da wird nur die number of nodes im hidden layer und die deacay rate getuned. Wie das tuning an sich abl√§uft wird garnicht beschrieben. Wirkt auch definitiv so als w≈´ssten sie nicht was sie da tun. Ich w≈´rde sagen das kriegt kein H√§kchen.",Nachdem ich Zeilen 46/48 gesehen habe zweifle ich wieder ob man dann diesen Fall evtl auch durchgehen lassen sollte.  Vielleicht sollten wir im Zweifelsfall dann hier auch ein H√§kchen setzen ;),,
Political Analysis,2017,37,"W Van Atteveldt, T Sheafer, SR Shenhav‚Ä¶","Clause analysis: Using syntactic information to automatically extract source, subject, and predicate from texts with an application to the 2008‚Äì2009 Gaza War",go to paper,https://www.cambridge.org/core/journals/political-analysis/article/clause-analysis-using-syntactic-information-to-automatically-extract-source-subject-and-predicate-from-texts-with-an-application-to-the-20082009-gaza-war/164AE1B0128828847CF33EDFF5F019E6,FALSE,FALSE,,FALSE,FALSE,FALSE,"NO MACHINE LEARNING open source software package for using grammatical analysis to automatically extract clauses from newspaper articles -> no ML just automatic coding system -> no train and test, just follow rules",,,,
Political Analysis,2017,32,A Rozenas,Detecting election fraud from irregularities in vote-share distributions,go to paper,https://www.cambridge.org/core/journals/political-analysis/article/detecting-election-fraud-from-irregularities-in-voteshare-distributions/1C48196DDCECC891F913CE0CEE948F3E,FALSE,FALSE,,FALSE,FALSE,FALSE,"NO MACHINE LEARNING no ML, fraud detection based on patterns in the distribution of vote-shares, looking at the data distribution",,,,
Political Analysis,2017,40,"C Tausanovitch, C Warshaw",Estimating candidates' political orientation in a polarized congress,go to paper,https://www.cambridge.org/core/journals/political-analysis/article/estimating-candidates-political-orientation-in-a-polarized-congress/CDCBE0920528DF39101D7C9C1709F937,FALSE,FALSE,,FALSE,FALSE,FALSE,NO MACHINE LEARNING,,,,
Political Analysis,2017,11,"AS Rosenberg, AJ Knuppe, BF Braumoeller",Unifying the study of asymmetric hypotheses,go to paper,https://www.cambridge.org/core/journals/political-analysis/article/unifying-the-study-of-asymmetric-hypotheses/6D6D9C814BAF1C92007B281EAFCC1954,FALSE,FALSE,,FALSE,FALSE,FALSE,NO MACHINE LEARNING,"unzip with: jar xvf CNN_Model.zip; git repo at: https://github.com/franciscocantu/tallies1988
No tuning for CNN",,,
Political Analysis,2017,57,"M Fafchamps, J Labonne",Using split samples to improve inference on causal effects,go to paper,https://www.cambridge.org/core/journals/political-analysis/article/using-split-samples-to-improve-inference-on-causal-effects/6727EF63175DF517BF56EC64EFF3E807,FALSE,FALSE,,FALSE,FALSE,FALSE,NO MACHINE LEARNING,,,,
Political Analysis,2017,117,"J Grimmer, S Messing, SJ Westwood",Estimating heterogeneous treatment effects and the effects of heterogeneous treatments with ensemble methods,go to paper,https://www.cambridge.org/core/journals/political-analysis/article/estimating-heterogeneous-treatment-effects-and-the-effects-of-heterogeneous-treatments-with-ensemble-methods/C7E3EA00D0AD83429CBE73F4F0C6652C,TRUE,TRUE,Supervised,TRUE,FALSE,FALSE,"-> Code with SVM not found but following statement in appendix: ""SVM: we use the RWeka and rJava packages using the SMO command, with the poly- nomial kernels."" -> Uses SuperLearner without hyperparameter tuning but manual values",,,,
Political Analysis,2017,133,"D Greene, JP Cross",Exploring the political agenda of the european parliament using a dynamic topic modeling approach,go to paper,https://www.cambridge.org/core/journals/political-analysis/article/exploring-the-political-agenda-of-the-european-parliament-using-a-dynamic-topic-modeling-approach/BBC7751778E4542C7C6C69E6BF954E4B,TRUE,TRUE,Unsupervised,TRUE,TRUE,FALSE,"LDA / with hyperparameter values  ùõº=0.01  and  ùõΩ=50/ùëò  as recommended by Steyvers and Griffiths (Reference Steyvers, Griffiths, Landauer, Mcnamara, Dennis and Kintsch2006) / uses proposed hyperparamaters by another paper",,Tried different starting values with the same k - still no tuning,,
Political Science Research and Methods,2017,18,S Schutte,Regions at risk: predicting conflict zones in African insurgencies,go to paper,https://www.cambridge.org/core/journals/political-science-research-and-methods/article/regions-at-risk-predicting-conflict-zones-in-african-insurgencies/4DCDBA2BCC8B4E3D5057A2C37DDB2BD6,FALSE,FALSE,,FALSE,FALSE,FALSE,NO MACHINE LEARNING,,,,
Political Science Research and Methods,2017,10,"SJ Cranmer, DR Rice, RM Siverson",What to do about atheoretic lags,go to paper,https://www.cambridge.org/core/journals/political-science-research-and-methods/article/what-to-do-about-atheoretic-lags/6C7F0BF21CF12C93A127398AB1B65A45,FALSE,FALSE,,FALSE,FALSE,FALSE,TOO OLD,,,,
American Political Science Review,2018,66,"M Blackwell, AN Glynn",How to make causal inferences with time-series cross-sectional data under selection on observables,go to paper,https://www.cambridge.org/core/journals/american-political-science-review/article/how-to-make-causal-inferences-with-timeseries-crosssectional-data-under-selection-on-observables/498BE04E5AF9802EC4D33DD7A4016584,FALSE,FALSE,,FALSE,FALSE,FALSE,NO MACHINE LEARNING,,,,
American Political Science Review,2018,57,"AB Hall, DM Thompson",Who punishes extremist nominees? Candidate ideology and turning out the base in US elections,go to paper,https://www.cambridge.org/core/journals/american-political-science-review/article/who-punishes-extremist-nominees-candidate-ideology-and-turning-out-the-base-in-us-elections/366A518712BE9BCC1CB035BF53095D65,FALSE,FALSE,,FALSE,FALSE,FALSE,NO MACHINE LEARNING,,,,
American Political Science Review,2018,54,"J Pan, K Chen",Concealing corruption: How Chinese officials distort upward reporting of online grievances,go to paper,https://www.cambridge.org/core/journals/american-political-science-review/article/concealing-corruption-how-chinese-officials-distort-upward-reporting-of-online-grievances/43D20A0E5F63498BB730537B7012E47B,TRUE,TRUE,Unsupervised,TRUE,TRUE,TRUE,"# storage <- searchK(out$documents, out$vocab, K = c(25, 30, 35, 40, 45, 50, 55, 60, 65, 70, 75, 80),prevalence =~ sendOrNot, data=out$meta)
",,"To determine the number of topics, we compare the held-out likelihood, residual, semantic coherence of models with 25 to 80 topics. The model with 40 topics yielded the most intuitive results and forms the focus of subsequent analysis (Chang et al. Reference Chang, Boyd-Graber, Gerrish, Wang and Blei2009).",,
American Political Science Review,2018,101,"H Mueller, C Rauh",Reading between the lines: Prediction of political violence using newspaper text,go to paper,https://www.cambridge.org/core/journals/american-political-science-review/article/reading-between-the-lines-prediction-of-political-violence-using-newspaper-text/4EABB473AFE18F157EEDE4339F34ABB0,TRUE,TRUE,Unsupervised,TRUE,TRUE,FALSE,"Does not talk about tuning in specific, but the values of hyperparameters (""15 We estimate models for 5, 50, and 70 topics for robustness checks discussed in Appendix E. The estimated topics of course become more specific with the number of topics.
"") and (""Concerning Œ± and Œ≤, we follow the literature. Our preferred specifications, which we will be using for all of the baseline results, is composed of 15 topics and hyperparameters Œ± = 3.33 and Œ≤ = 0.01.15"")",,,,
Political Analysis,2018,113,"E De Vries, M Schoonvelde, G Schumacher",No longer lost in translation: Evidence that Google Translate works for comparative bag-of-words text applications,go to paper,https://www.cambridge.org/core/journals/political-analysis/article/no-longer-lost-in-translation-evidence-that-google-translate-works-for-comparative-bagofwords-text-applications/43CB03805973BB8AD567F7AE50E72CA6,TRUE,TRUE,Unsupervised,TRUE,TRUE,TRUE,"We estimated the best-fitting number of topics by evaluating the model harmonic mean of models that contain between 10 and 150 topics, in increments of 10.",,Tuning with default parameters? Strange. (Code),,
Political Analysis,2018,281,"MJ Denny, A Spirling","Text preprocessing for unsupervised learning: Why it matters, when it misleads, and what to do about it",go to paper,https://www.cambridge.org/core/journals/political-analysis/article/text-preprocessing-for-unsupervised-learning-why-it-matters-when-it-misleads-and-what-to-do-about-it/AA7D4DE0AA6AB208502515AE3EC6989E,TRUE,TRUE,Unsupervised,TRUE,TRUE,TRUE,"only did ""gridsearch"" on one ""parameter"" -> not a hyperparameter, more a modeling choice /  to determine the optimal number of topics for a given combination of steps, we conducted a grid search over  ùëò={25,50,75,100,125,150,175,200} topics , These results were generated using the default parameters (except for number of topics) for the LDA() function from the topicmodels (v.0.2-4) R package, This is because the careful use of hyperparameter optimization, asymmetric priors, or an alternate estimation method might make the results look more similar across preprocessing specifications. ",,,,
Political Analysis,2018,25,"IS Kim, J Londregan, M Ratkovic",Estimating spatial preferences from votes and text,go to paper,https://www.cambridge.org/core/journals/political-analysis/article/estimating-spatial-preferences-from-votes-and-text/C580ED354853271EFA759E289DC73C3A,FALSE,FALSE,,FALSE,FALSE,FALSE,NO MACHINE LEARNING,,,,
Political Analysis,2018,9,M Blackwell,Game changers: detecting shifts in overdispersed count data,go to paper,https://www.cambridge.org/core/journals/political-analysis/article/game-changers-detecting-shifts-in-overdispersed-count-data/6A4B2F89AB326DD02F580E0EF384E466,FALSE,FALSE,,FALSE,FALSE,FALSE,NO MACHINE LEARNING,Is this really a 0?,,,
Political Analysis,2018,74,"A Peterson, A Spirling",Classification accuracy as a substantive quantity of interest: Measuring polarization in westminster systems,go to paper,https://www.cambridge.org/core/journals/political-analysis/article/classification-accuracy-as-a-substantive-quantity-of-interest-measuring-polarization-in-westminster-systems/45746D999CFCD1CB43E362392D7B2FB4,TRUE,TRUE,Supervised,TRUE,FALSE,FALSE,"""our machine learning approach aims to capture the extent to which it is possible to distinguish between members of the two parties based on their speeches"", no tuning mentioned at all, no tuning in code","Repo: https://dataverse.harvard.edu/dataset.xhtml?persistentId=doi:10.7910/DVN/DZWOCK 
Code for regressions available. No code for BERT (How to code?)",,,
Political Analysis,2018,9,"M Tempor√£o, CV Kerckhove, C van der Linden‚Ä¶",Ideological scaling of social media users: a dynamic lexicon approach,go to paper,https://www.cambridge.org/core/journals/political-analysis/article/ideological-scaling-of-social-media-users-a-dynamic-lexicon-approach/0173A3145A67CB89ACFC8DE09B30C482,TRUE,TRUE,Supervised,TRUE,TRUE,FALSE,We use the arbitrary values of Œ≥ = 1/2 and C = 1 in the present analysis.,,TUNING?,,
Political Science Research and Methods,2018,37,"BE Bagozzi, D Berliner",The politics of scrutiny in human rights monitoring: evidence from structural topic models of US State Department human rights reports,go to paper,https://www.cambridge.org/core/journals/political-science-research-and-methods/article/politics-of-scrutiny-in-human-rights-monitoring-evidence-from-structural-topic-models-of-us-state-department-human-rights-reports/D8B62D46D081CD30CEC962486786683C,TRUE,TRUE,Unsupervised,TRUE,TRUE,TRUE,"STM -> tried range 10-20 topics ""For small corpora (a few hundred to a few thousand) 5‚Äì20 topics is a good place to start.‚Äù Our corpus contains 6298 country-year reports, though our analysis drops a small subset of these due to missingness in external covariates. Based on this, and our comparison of alternatives, we selected a topic number of 15 for our primary analysis. In the Supplemental Appendix, we show that the topwords from this 15-topic STM are similar, but more relevant and interpretable, than those identified in 10- and 20-topic models, and present additional model fit statistics to demonstrate that the 15-topic model offers the best balance of exclusivity and semantic coherence.Footnote 5""",,,,
Political Science Research and Methods,2018,21,"CJ Fariss, ZM Jones",Enhancing validity in observational settings when replication is not possible,go to paper,https://www.cambridge.org/core/journals/political-science-research-and-methods/article/enhancing-validity-in-observational-settings-when-replication-is-not-possible/77A07F7944A7C76D5E97636951229712,FALSE,FALSE,,FALSE,FALSE,FALSE,NO MACHINE LEARNING,Repo: https://dataverse.harvard.edu/dataset.xhtml?persistentId=doi:10.7910/DVN/QDTLYV ,,,
Political Science Research and Methods,2018,10,N Wu,Misattributed blame? Attitudes toward globalization in the age of automation,go to paper,https://www.cambridge.org/core/journals/political-science-research-and-methods/article/misattributed-blame-attitudes-toward-globalization-in-the-age-of-automation/29B08295CEAC4A4A89991E064D0284FF,FALSE,FALSE,,FALSE,FALSE,FALSE,NO MACHINE LEARNING,Repo: https://dataverse.harvard.edu/dataset.xhtml?persistentId=doi:10.7910/DVN/Q9E8RF ,Just tried linear kernel -> performed tuning on C and gamma. Ignores the probably most important kernel parameter,,
Political Science Research and Methods,2018,44,"DJ Hopkins, LM Pettingill",Retrospective voting in big-city US mayoral elections,go to paper,https://www.cambridge.org/core/journals/political-science-research-and-methods/article/retrospective-voting-in-bigcity-us-mayoral-elections/4F5A92CBF7ED555B3CE56E0E7B7BECAF,FALSE,FALSE,,FALSE,FALSE,FALSE,NO MACHINE LEARNING,,,,
American Political Science Review,2019,60,"G Blair, J Cooper, A Coppock‚Ä¶",Declaring and diagnosing research designs,go to paper,https://www.cambridge.org/core/journals/american-political-science-review/article/declaring-and-diagnosing-research-designs/3CB0C0BB0810AEF8FF65446B3E2E4926,FALSE,FALSE,,FALSE,FALSE,FALSE,NO MACHINE LEARNING,,,by muchlinsky,
American Political Science Review,2019,28,"MT Dorsch, P Maarek",Democratization and the conditional dynamics of income distribution,go to paper,https://www.cambridge.org/core/journals/american-political-science-review/article/democratization-and-the-conditional-dynamics-of-income-distribution/4521438A36A90F97AD4E760289549638,FALSE,FALSE,,FALSE,FALSE,FALSE,NO MACHINE LEARNING,Repo: https://dataverse.harvard.edu/dataset.xhtml?persistentId=doi:10.7910/DVN/SVY5VF ,,,
American Political Science Review,2019,38,"W Hobbs, N Lajevardi",Effects of divisive political campaigns on the day-to-day segregation of Arab and Muslim Americans,go to paper,https://www.cambridge.org/core/journals/american-political-science-review/article/effects-of-divisive-political-campaigns-on-the-daytoday-segregation-of-arab-and-muslim-americans/D9977E81BE7E3A11772E51CAA8A9812F,FALSE,FALSE,,FALSE,FALSE,FALSE,NO MACHINE LEARNING,Repo: https://dataverse.harvard.edu/dataset.xhtml?persistentId=doi:10.7910/DVN/QXCFO2,,,
American Political Science Review,2019,94,T Mitts,From isolation to radicalization: anti-Muslim hostility and support for ISIS in the West,go to paper,https://www.cambridge.org/core/journals/american-political-science-review/article/from-isolation-to-radicalization-antimuslim-hostility-and-support-for-isis-in-the-west/C11A754C706DB9F9CAD86D1486A9B97A,TRUE,TRUE,Supervised,TRUE,FALSE,FALSE,"selecting the regularization parameter Œª by cross-validation to maximize the area under the ROC curve.


grid search of lambda. However, evaluation could be wrong --> Master Thesis anyone?",Repo: https://dataverse.harvard.edu/dataset.xhtml?persistentId=doi:10.7910/DVN/I5KCWI ,,,
American Political Science Review,2019,95,"T Enamorado, B Fifield, K Imai",Using a probabilistic model to assist merging of large-scale administrative records,go to paper,https://www.cambridge.org/core/journals/american-political-science-review/article/using-a-probabilistic-model-to-assist-merging-of-largescale-administrative-records/DB2955F64A1F4E262C5B9B26C6D7552E,FALSE,FALSE,,FALSE,FALSE,FALSE,NO MACHINE LEARNING,Repo: https://dataverse.harvard.edu/dataset.xhtml?persistentId=doi:10.7910/DVN/DZZXAD ,,,
American Political Science Review,2019,115,"P Barber√°, A Casas, J Nagler, PJ Egan‚Ä¶",Who leads? Who follows? Measuring issue attention and agenda setting by legislators and the mass public using social media data,go to paper,https://www.cambridge.org/core/journals/american-political-science-review/article/who-leads-who-follows-measuring-issue-attention-and-agenda-setting-by-legislators-and-the-mass-public-using-social-media-data/D855849CE288A241529E9EC2E4FBD3A8,TRUE,TRUE,Unsupervised,TRUE,TRUE,TRUE,"LDA / K <- c(10, 20, 30, 40, 50, 60, 70, 80, 90, 100, 110, 120, 130) "" Figure A12 reports these two measures of model fit
when estimating the model with different numbers of topics, from 10 to 130. """,,,,
American Political Science Review,2019,20,J Bisbee,Barp: Improving mister p using bayesian additive regression trees,go to paper,https://www.cambridge.org/core/journals/american-political-science-review/article/barp-improving-mister-p-using-bayesian-additive-regression-trees/630866EB47F9366EDB3C22CFD951BB6F,TRUE,TRUE,Supervised,TRUE,TRUE,FALSE,"""Figure 8 illustrates these timing differences between MRP and BARP across different sample
sizes and hyper-parameter settings.""


Mentions hyperparameters in Appendix (for straw man models and BARP), unclear what happens in code. Borderline 1-2. We coded it 2.",,,,
American Political Science Review,2019,27,"A Katagiri, E Min",The credibility of public and private signals: A document-based approach,go to paper,https://www.cambridge.org/core/journals/american-political-science-review/article/credibility-of-public-and-private-signals-a-documentbased-approach/76AB23437FD33B622000D0EDAAE1EFD0,TRUE,TRUE,Supervised,TRUE,FALSE,FALSE,"random forest -> rfFit = randomForest(Xtrain, Ytrain, data=wTrainSet, ntree = 2000, strata = Ytrain, mtry = 40, sampsize = rep(nmin, 2), keep.inbag=TRUE)


no information about HP or tuning approach neither in paper or appendix",Code is in SLF_round2.R,,,
American Political Science Review,2019,24,F Cant√∫,The fingerprints of fraud: Evidence from Mexico's 1988 presidential election,go to paper,https://www.cambridge.org/core/journals/american-political-science-review/article/fingerprints-of-fraud-evidence-from-mexicos-1988-presidential-election/8F3C1BCA4C53FE85EA48E51321E339E9,TRUE,TRUE,Supervised,TRUE,TRUE,FALSE,"names number of filters and filter size, stride 

then detailed picture with architecture

very detailed parameter list in appendix, but nowhere any mention of tuning",Code is in: europarl-code-20160805,,,
Political Analysis,2019,3,K Bansak,"Can nonexperts really emulate statistical learning methods? A comment on ‚ÄúThe accuracy, fairness, and limits of predicting recidivism‚Äù",go to paper,https://www.cambridge.org/core/journals/political-analysis/article/can-nonexperts-really-emulate-statistical-learning-methods-a-comment-on-the-accuracy-fairness-and-limits-of-predicting-recidivism/8E6CF2C5F1BB5704C01027A0AE35E01A,TRUE,TRUE,Supervised,TRUE,TRUE,FALSE,"GBM (only interaction.depth tuned) and Logit (Tuning missing - glm)  // ""to select tuning parameter values, including the interaction
depth (interaction depths of 3, 4, and 5 were tested) and number of boosting iterations (early
stopping point). The learning rate (shrinkage) was held fixed at 0:01.""",Repo: https://dataverse.harvard.edu/dataset.xhtml?persistentId=doi:10.7910/DVN/RNMB1Q ,,Bayesian method for variable selection -> = no ML?,
Political Analysis,2019,6,Y Wang,Comparing random forest with logistic regression for predicting class-imbalanced civil war onset data: A comment,go to paper,https://www.cambridge.org/core/journals/political-analysis/article/comparing-random-forest-with-logistic-regression-for-predicting-classimbalanced-civil-war-onset-data-a-comment/B62CC1DA390C58435004D4C5D56DBF71,TRUE,TRUE,Supervised,TRUE,FALSE,FALSE,"Hyperparameter tuning done by trainControl but not explicitly documented in code repo

This is the paper that corrects a mistake by Muchlinsky

They describe in detail how to do hyperparameter tuning (and how not to do) in a nested cross validation but dont name any search params or search spaces. 

Name HPs ""With 150 trees of maximum depth 1"" -> two most important params therefore model replicability 


I think their point is correcting Muchliskies mistake and not proposing a new methods therefore strange border case where I dont know if it is neccessary to report HP details?

Comment Marcel: We do not judge if it is necessary or not/correctness. If no values are reported no tick mark. ",,check in appendix,"""As hyperparameters are tuned using the testing fold, the prediction errors can be biased. In online Appendix A, I discuss this problem and report results using nested cross validation. The replication materials (Wang 2018) are available at the Political Analysis dataverse site.""","Luka: Das ist schon hart an der Grenze aber es wird gesagt dass eine corss validation stattfindet, nicht welche parameter oder wie viele folds, aber ich finde man kann es durchgehen lassen. "
Political Analysis,2019,22,"M Neunhoeffer, S Sternberg",How cross-validation can go wrong and what to do about it,go to paper,https://www.cambridge.org/core/journals/political-analysis/article/how-crossvalidation-can-go-wrong-and-what-to-do-about-it/CA8C4B470E27C99892AB978CE0A3AE29,TRUE,TRUE,Supervised,TRUE,FALSE,FALSE,n.trees not tuned - but this is part of the experiment in the paper - which category should we assign @Marcel? :) MN: Category talks about it and uses defaults? :D ,,,,
Political Analysis,2019,21,"AR Kaufman, P Kraft, M Sen",Improving supreme court forecasting using boosted decision trees,go to paper,https://www.cambridge.org/core/journals/political-analysis/article/improving-supreme-court-forecasting-using-boosted-decision-trees/166AA006B8DA7C87F1B17291B0BB8B63,TRUE,TRUE,Supervised,TRUE,FALSE,FALSE,"Finally, we optimize our model‚Äôs tuning parameters using grid search",,"The ‚ÄÄrst set of parameters include the minimum number of observations allowed at a \leaf"" of the tree,
the minimum maximum depth of the tree, the minimum and maximum number of allowed features, the
minimum number of observations required to split a node, the criterion by which to measure the quality of a
node, whether to bootstrap samples in creating trees, the minimum node impurity required to split a node,
and several others.
The second set of parameters are only the learning rate and the number of boosting iterations. The
learning rate parameter controls the amount of predictive \weight"" each new iteration may add to the ‚ÄÄnal
model. The default value is 1; values closer to 0 may improve predictive accuracy, but in turn require more
boosting iterations. In our ADT model, we perform 10,000 iterations.",,"Luka: Hier ist es genau umgekehrt, die parameter werden beschrieben aber die tuning methode nicht.... Hier habe ich aber im gegensatz zu Zeile 13 das Gef√ºhl dass sie wissen was sie machen."
Political Analysis,2019,17,"KT Greene, B Park, M Colaresi",Machine learning human rights and wrongs: How the successes and failures of supervised learning algorithms can inform the debate about information effects,go to paper,https://www.cambridge.org/core/journals/political-analysis/article/machine-learning-human-rights-and-wrongs-how-the-successes-and-failures-of-supervised-learning-algorithms-can-inform-the-debate-about-information-effects/C4CB3FC4383A50129F6A0F0809BA2452,TRUE,TRUE,Supervised,TRUE,FALSE,FALSE,"GridSearchCV / we train a number of machine learning algorithms: Naive Bayes (NB), Logistic Regression (LR), Support Vector Machines (SVM), and Random Forests (RF), as well as a majority vote ensemble classifier 6",,,no tuning,
Political Analysis,2019,26,ND Goet,"Measuring polarization with text analysis: evidence from the UK House of Commons, 1811‚Äì2015",go to paper,https://www.cambridge.org/core/journals/political-analysis/article/measuring-polarization-with-text-analysis-evidence-from-the-uk-house-of-commons-18112015/C590F249EB2CC25D09434A61017FF5A3,TRUE,TRUE,Supervised,TRUE,TRUE,TRUE,"A second difference between my approach and that of Peterson and Spirling is that I conduct a ‚Äúrough‚Äù grid search to tune the ùõº hyperparameter, varying the ùõº between 1ùëí‚àí4 en 1ùëí‚àí7 , and selecting different levels for this parameter (own implementation)",Repo: https://dataverse.harvard.edu/dataset.xhtml?persistentId=doi:10.7910/DVN/AGUVBE ,"A second difference between my approach and that of Peterson and Spirling is that I conduct a ‚Äúrough‚Äù grid search to tune the  ùõº  hyperparameter, varying the  ùõº  between  1ùëí‚àí4  en  1ùëí‚àí7  , and selecting different levels for this parameter based on model performance evaluated by the classifier‚Äôs accuracy.",,
Political Analysis,2019,13,M Goplerud,A Multinomial Framework for Ideal Point Estimation,go to paper,https://www.cambridge.org/core/journals/political-analysis/article/multinomial-framework-for-ideal-point-estimation/47725BBF8BA9C980A27E5AE91FACA6AE,FALSE,FALSE,,FALSE,FALSE,FALSE,NO MACHINE LEARNING,,,,
Political Analysis,2019,16,"LF Stoetzer, M Neunhoeffer, T Gschwend‚Ä¶",Forecasting elections in multiparty systems: a Bayesian approach combining polls and fundamentals,go to paper,https://www.cambridge.org/core/journals/political-analysis/article/forecasting-elections-in-multiparty-systems-a-bayesian-approach-combining-polls-and-fundamentals/CA929544F672A09A0E34C5529EBFA482,FALSE,FALSE,,FALSE,FALSE,FALSE,NO MACHINE LEARNING,,,,
Political Analysis,2019,492,"J Hainmueller, J Mummolo, Y Xu",How much should we trust estimates from multiplicative interaction models? Simple tools to improve empirical practice,go to paper,https://www.cambridge.org/core/journals/political-analysis/article/how-much-should-we-trust-estimates-from-multiplicative-interaction-models-simple-tools-to-improve-empirical-practice/D8CAACB473F9B1EE256F43B38E458706,FALSE,FALSE,,FALSE,FALSE,FALSE,NO MACHINE LEARNING,,,,
Political Analysis,2019,20,"B De la Cuesta, N Egami, K Imai",Improving the external validity of conjoint analysis: The essential role of profile distribution,go to paper,https://www.cambridge.org/core/journals/political-analysis/article/improving-the-external-validity-of-conjoint-analysis-the-essential-role-of-profile-distribution/B911EF14513292A24ECB4AC4BAA3FA6B,FALSE,FALSE,,FALSE,FALSE,FALSE,NO MACHINE LEARNING,,,,
Political Analysis,2019,57,"S Minhas, PD Hoff, MD Ward",Inferential approaches for network analysis: Amen for latent factor models,go to paper,https://www.cambridge.org/core/journals/political-analysis/article/inferential-approaches-for-network-analysis-amen-for-latent-factor-models/C5766B1FC01B5C875500B5724F162889,FALSE,FALSE,,FALSE,FALSE,FALSE,NO MACHINE LEARNING,,,,
Political Analysis,2019,2,S Heuberger,"Insufficiencies in Data Material: A Replication Analysis of Muchlinski, Siroky, He, and Kocher (2016)",go to paper,https://www.cambridge.org/core/journals/political-analysis/article/insufficiencies-in-data-material-a-replication-analysis-of-muchlinski-siroky-he-and-kocher-2016/DCFFD3F8F23604794ABE615F10C42FA4,FALSE,FALSE,,FALSE,FALSE,FALSE,NO MACHINE LEARNING,,,,
Political Analysis,2019,3,"P Mohanty, R Shaffer","Messy data, robust inference? Navigating obstacles to inference with bigKRLS",go to paper,https://www.cambridge.org/core/journals/political-analysis/article/messy-data-robust-inference-navigating-obstacles-to-inference-with-bigkrls/7CB852E25FF58D06ED6888F1A3A13F54,FALSE,FALSE,,FALSE,FALSE,FALSE,NO MACHINE LEARNING,,,,
Political Analysis,2019,7,L Brandenberger,Predicting network events to assess goodness of fit of relational event models,go to paper,https://www.cambridge.org/core/journals/political-analysis/article/predicting-network-events-to-assess-goodness-of-fit-of-relational-event-models/DB71F72569196DD4F54C115353734A19,FALSE,FALSE,,FALSE,FALSE,FALSE,NO MACHINE LEARNING,,,this paper corrects muchlinsky ->paper correcting an evaluation method ,
Political Analysis,2019,4,"DA Muchlinski, D Siroky, J He, MA Kocher",Seeing the forest through the trees,go to paper,https://www.cambridge.org/core/journals/political-analysis/article/seeing-the-forest-through-the-trees/E717D15F10CC4F979EDC35C0CB9B55C1,FALSE,FALSE,,FALSE,FALSE,FALSE,NO MACHINE LEARNING,,,,
Political Analysis,2019,973,"G King, R Nielsen",Why propensity scores should not be used for matching,go to paper,https://www.cambridge.org/core/journals/political-analysis/article/whypropensity-scoresshould-not-be-usedformatching/94DDE7ED8E2A796B693096EB714BE68B,FALSE,FALSE,,FALSE,FALSE,FALSE,NO MACHINE LEARNING,,,,
Political Analysis,2019,7,"CT Jerzak, G King, A Strezhnev",[PDF][PDF] An improved method of automated nonparametric content analysis for social science,go to paper,https://connorjerzak.com/wp-content/uploads/2019/02/word.pdf,FALSE,FALSE,,FALSE,FALSE,FALSE,NOT IN PA,,,,
Political Science Research and Methods,2019,48,"K Munger, R Bonneau, J Nagler‚Ä¶",Elites tweet to get feet off the streets: Measuring regime social media strategies during protest,go to paper,https://www.cambridge.org/core/journals/political-science-research-and-methods/article/elites-tweet-to-get-feet-off-the-streets-measuring-regime-social-media-strategies-during-protest/05FEC9BDBCCB511302DD8EC52EA3842C,TRUE,TRUE,Unsupervised,TRUE,TRUE,TRUE,"LDA is an unsupervised, ‚Äúbag-of-words‚Äù machine-learning algorithm / To determine the number of topics k, we performed tenfold cross-validation of both log-likelihood and perplexity analyses on the holdout sample.Footnote -> K <- c(5, 10, 15, 20, 25, 30, 40, 50, 75, 100)
",,,,
Political Science Research and Methods,2019,4,"FM Hollenbach, JM Montgomery‚Ä¶",Bayesian versus maximum likelihood estimation of treatment effects in bivariate probit instrumental variable models,go to paper,https://www.cambridge.org/core/journals/political-science-research-and-methods/article/bayesian-versus-maximum-likelihood-estimation-of-treatment-effects-in-bivariate-probit-instrumental-variable-models/7A280EEC249B19704EA166A3B86B667D,FALSE,FALSE,,FALSE,FALSE,FALSE,NO MACHINE LEARNING,,,,
Political Science Research and Methods,2019,22,J Pan,How Chinese officials use the Internet to construct their public image,go to paper,https://www.cambridge.org/core/journals/political-science-research-and-methods/article/how-chinese-officials-use-the-internet-to-construct-their-public-image/E43D6B7FA558606BB14A2965D517AF21,TRUE,TRUE,Supervised,TRUE,FALSE,FALSE,"SVM not found in Code / I use a multiclass support vector machine (SVM), a supervised method of individual classification",,"r. Four topic models with 25 topics, 50 topics, 75 topics, and 100 topics models were fitted to the web content",,
Political Science Research and Methods,2019,18,"SJ Lee, H Liu, MD Ward",Lost in space: Geolocation in event data,go to paper,https://www.cambridge.org/core/journals/political-science-research-and-methods/article/lost-in-space-geolocation-in-event-data/72A92A9C275757F18CFAC2C324D30535,TRUE,TRUE,Supervised,TRUE,FALSE,FALSE,"The proposed algorithm does not depend on a specific model, and we tested it with NNs, SVM, and random forests. / Note that the parameters of each classifier were also automatically adjusted to obtain the optimal result (Meyer et al. 2017). The NNs model was tuned in each iteration by automatically selecting the best decay rate and number of dendrites in the hidden layer. For SVM, the kernel was set to radial and the number of trees for the random forests was set to 1000.","No real tuning, no explanation (they do not know what they're doing in reagrds of hyperopt)",,,
Political Science Research and Methods,2019,35,"AJ Ramey, JD Klingler, GE Hollibaugh",Measuring elite personality using speech,go to paper,https://www.cambridge.org/core/journals/political-science-research-and-methods/article/measuring-elite-personality-using-speech/0F0A518FD3C38FDC588BE9901621F976,TRUE,TRUE,Supervised,TRUE,TRUE,FALSE,"We apply recent advances in machine learning to measure Congressmember personality traits using floor speeches from 1996 to 2014. / Thus, we use SMOreg in the analyses that follow.Footnote 8


SMOreg = Support Vector Machines for Regression -> package in Java

yes there are tunable parameters -> c, kernel, batch size

""Using Mairesse et al.‚Äôs (2007) pre-trained SMOreg model, our goal is to predict the personality traits of members of Congress."" they use a pretrained model, keinerlei tuning angaben

Im appendix""In the present case, C was set to Weka‚Äôs default value of 1."" Also wurde das main HP beschrieben zaehlt das?

""An example would be to perform a linear regression of some variable y on a matrix X of covariates for a fraction of a sample of data. Then, the coefficients Œ≤ estimated using the ‚Äútraining‚Äù set would be validated by predicting y using only the X for the unused part of the sample.3""",,"This can
be written as an optimization problem where we minimize ||‚ÄÄ||2 subject to the constraint
that for each observation i,
|yi ‚àí !0 ‚àí x0i‚ÄÄ| Ô£ø ‚úè (2)
where ‚úè is chosen a priori.44 However, as Smola & Sch¬®olkopf (2004) note, this setup assumes
that we can write down a function that estimates all observations with at least ‚úè precision.",,
American Political Science Review,2020,6,"B Park, K Greene, M Colaresi",Human rights are (increasingly) plural: Learning the changing taxonomy of human rights from large-scale text reveals information effects,go to paper,https://www.cambridge.org/core/journals/american-political-science-review/article/human-rights-are-increasingly-plural-learning-the-changing-taxonomy-of-human-rights-from-largescale-text-reveals-information-effects/F202F327EA8F4CF52D2E65EB48D409D3,TRUE,TRUE,Supervised,TRUE,FALSE,FALSE,"SVM (RandomizedSearchCV) ""Adapting tools from machine learning and natural language processing to work with the concept of taxonomies, inspired by work in biology, we identify a"" / ""After tuning the model using cross validation, we use the highest performing model to predict the sentiment scores for the remainder of sentences"" /     param_grid = {""kernel"": kernels ,'C': Cs, 'gamma' : gammas }


    svm_random_search = RandomizedSearchCV(estimator=SVC(random_state=999,
                                   probability=True),n_jobs=3,
                                           param_distributions=param_grid, 
                                           scoring='accuracy',cv=nfolds)","No mention in paper, no explanation in appendix ",,,
American Political Science Review,2020,15,"B Magaloni, L Rodriguez","Institutionalized Police Brutality: Torture, the Militarization of Security, and the Reform of Inquisitorial Criminal Justice in Mexico",go to paper,https://www.cambridge.org/core/journals/american-political-science-review/article/institutionalized-police-brutality-torture-the-militarization-of-security-and-the-reform-of-inquisitorial-criminal-justice-in-mexico/1FB267963EE824E40B4AC6C9644D19B2,TRUE,TRUE,Unsupervised,TRUE,TRUE,TRUE,"STM/Topic Models (four different values of K -> Appendix) / for(k in 3:6){
  stm_output <- stm(
    prepped$documents, prepped$vocab,
    K = k, seed = 12202019 + k
  )
  stm_list[[i]] <- stm_output
  i <- i + 1
}","no mention of anything regarding hyper parameters in the paper, appendix mentions different k for topic model but authors definetly didnt ""tune"" that parameter on purpose",,,
American Political Science Review,2020,10,S Badrinathan,Educative Interventions to Combat Misinformation: Evidence from a Field Experiment in India,go to paper,https://www.cambridge.org/core/journals/american-political-science-review/article/educative-interventions-to-combat-misinformation-evidence-from-a-field-experiment-in-india/A522EB5164406DE320647014946D31B3,FALSE,FALSE,,FALSE,FALSE,FALSE,NO MACHINE LEARNING,,,,
American Political Science Review,2020,0,"D Manekin, T Mitts",Effective for Whom? Ethnic Identity and Nonviolent Resistance,go to paper,https://www.cambridge.org/core/journals/american-political-science-review/article/effective-for-whom-ethnic-identity-and-nonviolent-resistance/D78EE1F9EE3B41D6F1500311F17B8EA6,FALSE,FALSE,,FALSE,FALSE,FALSE,NO MACHINE LEARNING,,,,
American Political Science Review,2020,31,"S Goel, M Meredith, M Morse, D Rothschild‚Ä¶","One person, one vote: Estimating the prevalence of double voting in US presidential elections",go to paper,https://www.cambridge.org/core/journals/american-political-science-review/article/one-person-one-vote-estimating-the-prevalence-of-double-voting-in-us-presidential-elections/F0F11207B6EC1A0A5DE18DC283ACE926,FALSE,FALSE,,FALSE,FALSE,FALSE,NO MACHINE LEARNING,,,,
American Political Science Review,2020,1,"C Chall√∫, E Seira, A Simpser",The Quality of Vote Tallies: Causes and Consequences,go to paper,https://www.cambridge.org/core/journals/american-political-science-review/article/quality-of-vote-tallies-causes-and-consequences/71D1B1DA5EB790ACFB9D4A3F23811AF4,FALSE,FALSE,,FALSE,FALSE,FALSE,NO MACHINE LEARNING,,,,
American Political Science Review,2020,18,"J Nyrup, S Bramwell",Who governs? a new global dataset on members of cabinets,go to paper,https://www.cambridge.org/core/journals/american-political-science-review/article/who-governs-a-new-global-dataset-on-members-of-cabinets/3AE11258F668EB95F5A9F6904EF80A45,FALSE,FALSE,,FALSE,FALSE,FALSE,NO MACHINE LEARNING,,,,
American Political Science Review,2020,15,J Yoder,Does property ownership lead to participation in local politics? evidence from property records and meeting minutes,go to paper,https://www.cambridge.org/core/journals/american-political-science-review/article/does-property-ownership-lead-to-participation-in-local-politics-evidence-from-property-records-and-meeting-minutes/E3BAEB8B52992D8FCF37FF3166BB2E77,TRUE,TRUE,Unsupervised,TRUE,TRUE,FALSE,"STM /  I use the stm package in R, and I set the number of topics to 10. I also run the same topic model 50 times with randomly sampled starting values, and in every case the top 7 words associated with each topic are the same. This suggests that the results are not sensitive to the starting values used in the topic estimation. /  in each of 10 topics discovered by the model / lda_fit<- stm(docs, vocab, K = 10, prevalence = ~city_year, data = meta, seed = 46815)",,TUNING?,,
American Political Science Review,2020,20,K Peyton,Does trust in government increase support for redistribution? Evidence from randomized survey experiments,go to paper,https://www.cambridge.org/core/journals/american-political-science-review/article/does-trust-in-government-increase-support-for-redistribution-evidence-from-randomized-survey-experiments/759F87C806242A50C6F316160E496F72,TRUE,TRUE,Supervised,TRUE,TRUE,FALSE,"generalized random forests (GRF) / tau_forest <- instrumental_forest(Y = Y_Obs, X = X, W = W, Z = Z, 
                                  honesty = TRUE, num.trees = 4000, seed = 123)



""Using the Instrumental Forest Estimator in the grf Package for R with the Recommended Settings of Honest Splitting and 4,000 Trees""


concrete HP value for one parameter and ""source"" of the other parameters",,,,
American Political Science Review,2020,20,"LJ Anastasopoulos, AM Bertelli",Understanding delegation through machine learning: A method and application to the European Union,go to paper,https://www.cambridge.org/core/journals/american-political-science-review/article/understanding-delegation-through-machine-learning-a-method-and-application-to-the-european-union/1724F3ECFA1F0AABE3C7F8DA5C5D521B,TRUE,TRUE,Supervised,TRUE,FALSE,FALSE,"""Final models were selected using a process of hyperparameter tuning with five-fold cross-validation."" / uses 5-fold CV but default parameters / # Parameter tuning
# these are default parameters
params <- list(booster = ""gbtree"", objective = ""binary:logistic"", 
               eta=0.3, gamma=0, max_depth=6, min_child_weight=1, 
               subsample=1, colsample_bytree=1)

xgbcv<- xgb.cv( params = params, data = traindata.b,
                nrounds = 500, nfold = 5, showsd = T, 
                stratified = T, early.stopping.rounds = 20, print.every_n = 10,
                maximize = F,
                scale_pos_weight = pospredweight)",,,,
Political Analysis,2020,11,"B Miller, F Linder, WR Mebane",Active learning approaches for labeling text: review and assessment of the performance of active learning approaches,go to paper,https://www.cambridge.org/core/journals/political-analysis/article/active-learning-approaches-for-labeling-text-review-and-assessment-of-the-performance-of-active-learning-approaches/CF6AAF05F465D5BC688A9548433123C1,TRUE,TRUE,Supervised,TRUE,FALSE,FALSE,"Using fivefold cross-validation and randomized parameter search (Bergstra and Bengio 2012), the tuning parameters of the SVM as well as the best feature set are selected at each step.",,,,
Political Analysis,2020,36,"R Mozer, L Miratrix, AR Kaufman‚Ä¶",Matching with text data: An experimental evaluation of methods for matching documents and of measuring match quality,go to paper,https://www.cambridge.org/core/journals/political-analysis/article/matching-with-text-data-an-experimental-evaluation-of-methods-for-matching-documents-and-of-measuring-match-quality/CBEFFF561F55CEF84DCA835B695627C0,TRUE,TRUE,Unsupervised,TRUE,TRUE,TRUE,"STM -> within a general approach like tuning parameters such as number of topics used in a topic model / num.topics = c(10,30,50,100)
seeds=c(405724, 4239683, 8290154, 9132184)

get_stm <- function(K, seed){
  out=stm::stm(docs, vocab, K=K, prevalence=~Z, content=~Z, 
                  data=meta, seed=seed, init.type=""LDA"")
  out
}



all_mods = mcmapply(get_stm, K=num.topics, seed=seeds,
                    mc.cores = num.cores, mc.silent = FALSE,
                    SIMPLIFY=FALSE)","""Each of these methods involves a number of tuning parameters.""

""different procedures corresponding to different design decisions""

They are aware of hyper parameters and test different settings. They never call it explicitly hyperparameter tuning but I think it counts?","""Each STM-based representation is characterized by a ‚ÄÄxed
number of topics (K=10, 30, 50, or 100)""",,
Political Analysis,2020,8,JT Ornstein,Stacked regression and poststratification,go to paper,https://www.cambridge.org/core/journals/political-analysis/article/stacked-regression-and-poststratification/560867941715901378FD9FD00D300CB2,TRUE,TRUE,Supervised,TRUE,TRUE,TRUE,"""I use fivefold cross-validation for parameter tuning / Own Implementation of Grid Search CV""",Repo: https://dataverse.harvard.edu/dataset.xhtml?persistentId=doi:10.7910/DVN/K8IL3V ,"Table 3: Machine Learning Techniques, Packages, and Parameter Tuning
Technique Package Parameters Values
LASSO glmnet ‚ÄÄ 0.0005 to 0.047
KNN kknn k 20 to 305
Random Forest ranger min.node.size 1 to min(501, n
5 )
Gradient Boosting xgboost max depth f1; 2; 3; 4; 6g
min child weight f1; 3; 5; 7; 9g
subsample 0:8; 1
colsample bytree 0:8; 1
num round Max 10; 000",,
Political Analysis,2020,53,"L Rheault, C Cochrane",Word embeddings for the analysis of ideological placement in parliamentary corpora,go to paper,https://www.cambridge.org/core/journals/political-analysis/article/word-embeddings-for-the-analysis-of-ideological-placement-in-parliamentary-corpora/017F0CEA9B3DB6E1B94AC36A509A8A7B,TRUE,TRUE,Both,TRUE,TRUE,FALSE,"""implemented our models using hyperparameters set at default values in the original algorithms proposed by""...""we find that modifications to these default hyperparameters do not provide substantial improvement""
",,"Model has more parameters, though they are not mentioned in paper",,
Political Analysis,2020,2,"L Huang, PO Perry, A Spirling","A General Model of Author ‚ÄúStyle‚Äù with Application to the UK House of Commons, 1935‚Äì2018",go to paper,https://www.cambridge.org/core/journals/political-analysis/article/general-model-of-author-style-with-application-to-the-uk-house-of-commons-19352018/2B1776CD1648E3F4AFBB81D375CCF053,FALSE,FALSE,,FALSE,FALSE,FALSE,NO MACHINE LEARNING,Repo: https://dataverse.harvard.edu/dataset.xhtml?persistentId=doi:10.7910/DVN/F0GMX1 ,,,
Political Analysis,2020,1,J Ziegler,A Text-As-Data Approach for Using Open-Ended Responses as Manipulation Checks,go to paper,https://www.cambridge.org/core/journals/political-analysis/article/textasdata-approach-for-using-openended-responses-as-manipulation-checks/C0A94C4CC5D0ECC72E8A670050D76ED4,FALSE,FALSE,,FALSE,FALSE,FALSE,NO MACHINE LEARNING,,,,
Political Analysis,2020,1,J B√∏lstad,Capturing Rationalization Bias and Differential Item Functioning: A Unified Bayesian Scaling Approach,go to paper,https://www.cambridge.org/core/journals/political-analysis/article/capturing-rationalization-bias-and-differential-item-functioning-a-unified-bayesian-scaling-approach/B5EA395887034A9E555BE78B1974CEF9,FALSE,FALSE,,FALSE,FALSE,FALSE,NO MACHINE LEARNING,,,,
Political Analysis,2020,1,X Lu,Discrete choice data with unobserved heterogeneity: A conditional binary quantile model,go to paper,https://www.cambridge.org/core/journals/political-analysis/article/discrete-choice-data-with-unobserved-heterogeneity-a-conditional-binary-quantile-model/D3D9FCD13F9B27C99EFF54D137541C5E,FALSE,FALSE,,FALSE,FALSE,FALSE,NO MACHINE LEARNING,,,,
Political Analysis,2020,7,D Ferrari,Modeling context-dependent latent effect heterogeneity,go to paper,https://www.cambridge.org/core/journals/political-analysis/article/modeling-contextdependent-latent-effect-heterogeneity/B7B0AF067DF97A1A8F0B50646EF64F24,FALSE,FALSE,,FALSE,FALSE,FALSE,NO MACHINE LEARNING,,,,
Political Analysis,2020,6,J Bussell,Shadowing as a Tool for Studying Political Elites,go to paper,https://www.cambridge.org/core/journals/political-analysis/article/shadowing-as-a-tool-for-studying-political-elites/C69920F10996FA21C4721CAC474D99FE,FALSE,FALSE,,FALSE,FALSE,FALSE,NO MACHINE LEARNING,Repo: https://dataverse.harvard.edu/dataset.xhtml?persistentId=doi:10.7910/DVN/SWZUUE,"In terms of identifying the most appropriate number of dimensions, our approach is an application of model selection from statistics and machine learning.",,
Political Analysis,2020,33,E Rodman,A timely intervention: Tracking the changing meanings of political concepts with word vectors,go to paper,https://www.cambridge.org/core/journals/political-analysis/article/timely-intervention-tracking-the-changing-meanings-of-political-concepts-with-word-vectors/DDF3B5833A12E673EEE24FBD9798679E,TRUE,TRUE,Supervised,TRUE,FALSE,FALSE,"all models follow hyperparameter recommendations from previous literature or gensim defaults (Levy et al. Reference Levy, Goldberg and Dagan2015).Footnote


They reference here their previous paper where HPs and tuning is explained in more detail (giving the HPS , search spaces and ""using 2-fold cross-validation for hyperparameter tuning."")


Does it count to reference your previous paperwith the same model?

Comment Marcel: No.",Repo: https://dataverse.harvard.edu/dataset.xhtml?persistentId=doi:10.7910/DVN/TUCA2U ,"Explaining not tuning counts as explanation?

LB: Annotation round ""How is tuning implememnted"" how to act with these cases where they state that the parameters are chosen based on previous literature? ",,
Political Analysis,2020,1,"W Marble, M Tyler",The Structure of Political Choices: Distinguishing Between Constraint and Multidimensionality,go to paper,https://www.cambridge.org/core/journals/political-analysis/article/structure-of-political-choices-distinguishing-between-constraint-and-multidimensionality/41A24FBF5A64E7474AE497B5770546E8,FALSE,FALSE,,FALSE,FALSE,FALSE,NO MACHINE LEARNING,,,,
Political Analysis,2020,11,"L Bustikova, DS Siroky, S Alashri, S Alzahrani",Predicting partisan responsiveness: A probabilistic text mining time-series approach,go to paper,https://www.cambridge.org/core/journals/political-analysis/article/predicting-partisan-responsiveness-a-probabilistic-text-mining-timeseries-approach/FF6F855C0271DF5AD3FE0C11F5ACA6F3,TRUE,TRUE,Supervised,TRUE,FALSE,FALSE,"clf_glue = LogisticRegression(C=1, max_iter=4) / Keep default value of logistic regression as it is employing a gradient descent search, namely max number of iteration of 1k, use the smallest possible stopping criteria tolerance to achieve the highest approximation of the classifier hyper parameters.",nothing about tuning mentioned in paper,,,
Political Analysis,2020,6,"Y Ghitza, A Gelman",Voter Registration Databases and MRP: Toward the Use of Large-Scale Databases in Public Opinion Research,go to paper,https://www.cambridge.org/core/journals/political-analysis/article/voter-registration-databases-and-mrp-toward-the-use-of-largescale-databases-in-public-opinion-research/C6C428EB05DC7132678215896F38B6B7,FALSE,FALSE,,FALSE,FALSE,FALSE,NO MACHINE LEARNING,,,,
Political Analysis,2020,1,"R Lall, T Robinson",The MIDAS touch: accurate and scalable missing-data imputation with deep learning,go to paper,https://www.cambridge.org/core/journals/political-analysis/article/midas-touch-accurate-and-scalable-missingdata-imputation-with-deep-learning/5007854F57E88AF16D69BCCA4C5AF1FF,TRUE,TRUE,Supervised,TRUE,TRUE,FALSE,"""Characteristics such as the number of training cycles per epoch, which are specified by the analyst rather than learned in training, are referred to as hyperparameters""

 We instantiate MIDAS with two hidden layers of 256 nodes, an input corruption proportion of 0.75, and 20 training epochs, leaving all other hyperparameters at their default settings.",The default hyperparameter settings for overimpute are a corruption proportion (spikein) of 0.1 and 100 training epochs (training_epochs).,same question as above,,
Political Analysis,2020,13,"G Evans, G King","[PDF][PDF] Statistically valid inferences from differentially private data releases, with application to the facebook urls dataset",go to paper,https://scholar.harvard.edu/files/gking/files/udpd.pdf,FALSE,FALSE,,FALSE,FALSE,FALSE,NO MACHINE LEARNING,,,,
Political Analysis,2020,10,"C Chang, M Masterson",Using word order in political text classification with long short-term memory models,go to paper,https://www.cambridge.org/core/journals/political-analysis/article/using-word-order-in-political-text-classification-with-long-shortterm-memory-models/D556D0AE5B1270124BC72EEB74244A80,TRUE,TRUE,Supervised,TRUE,TRUE,FALSE,"fixed values -> whole chapter about tuning in appendix but no replication code available with hyperparameter tuning


LB: They explain each parameter choice, I think they did not tune.

""As machine learning models, such as SVM, that have tunable parameters have been used in political science before, the purpose of this section is not to explain how to go about tuning machine learning model parameters in general. However, we do provide code templates to facilitate hyperparameters tuning at..""",Repo: https://dataverse.harvard.edu/dataset.xhtml?persistentId=doi:10.7910/DVN/4031UL ,Drawing inspiration from the literatures on adaptive machine learning and text-as-data,,
Political Analysis,2020,4,"R Duch, D Laroze, T Robinson, P Beramendi",Multi-modes for detecting experimental measurement error,go to paper,https://www.cambridge.org/core/journals/political-analysis/article/multimodes-for-detecting-experimental-measurement-error/37514FC46CF29C7B345DB9881E252150,TRUE,TRUE,,TRUE,FALSE,FALSE,"""We propose an iterative, machine-learning-based estimation strategy"" / uses default values for hyperparameters for bart (BayesTree) ",,"In line with Imai and Ratkovic (2013), this model is initially ‚ÄÄtted through a series of iterated
LASSO ‚ÄÄts that result in optimal estimates of the LASSO tuning parameters. / 3Each iteration of the LASSO ‚ÄÄt is conducted on a subset of the full sample, and is thus a cross-
validation procedure.",,
Political Science Research and Methods,2020,3,K Kikuta,A new geography of civil war: a machine learning approach to measuring the zones of armed conflicts,go to paper,https://www.cambridge.org/core/journals/political-science-research-and-methods/article/new-geography-of-civil-war-a-machine-learning-approach-to-measuring-the-zones-of-armed-conflicts/3FC35E92CBC4B66155C4F97417BF4E02,TRUE,TRUE,Unsupervised,TRUE,FALSE,FALSE,"I fill this void of knowledge by developing a machine learning method that is less dependent / Due to the problems discussed above, the cross-validation techniques result in unrealistically tiny
conflict zones, which are of little use in application. / ""  # svm
  tune.out <- tune(svm, train.x = x, train.y = y, scale = T, type = ‚Äònu-classification‚Äô, kernel = ‚Äòradial‚Äô,
                   ranges = list(nu = nu.range, gamma = gamma.range),
                   tunecontrol = tune.control(cross = 5))‚Äù

""Since the two hyper-parameters Œ≥ and ŒΩ (both of which control the balance between underfitting and overfitting)12 are not directly estimated, I follow Ghafoori et al. (2018) to choose the optimal values.13""

""The hyper-parameters of the SVM are tuned with cross-validation.""",,,,
Political Science Research and Methods,2020,8,"J Beiser-McGrath, LF Beiser-McGrath",Problems with products? Control strategies for models with interaction and quadratic effects,go to paper,https://www.cambridge.org/core/journals/political-science-research-and-methods/article/problems-with-products-control-strategies-for-models-with-interaction-and-quadratic-effects/9108B4F38CB8759B55C4667D34A9738A,TRUE,TRUE,Supervised,TRUE,FALSE,FALSE,"Not tuning at least for KRLS! We focus on three specific regularized regression methods: the adaptive Lasso, KRLS, and BART.",,"Finally, these inferences are regularized with the use of priors on the various
hyperparameters, for example, placing greater weight on smaller trees (i.e., those with less complicated
interactions), in order to prevent overfitting.",,
Political Science Research and Methods,2020,24,"N Baerg, W Lowe",A textual Taylor rule: estimating central bank preferences combining topic and scaling methods,go to paper,https://www.cambridge.org/core/journals/political-science-research-and-methods/article/textual-taylor-rule-estimating-central-bank-preferences-combining-topic-and-scaling-methods/E1CAE25BBA2864109ACF25D599EDD083,FALSE,FALSE,,FALSE,FALSE,FALSE,NO MACHINE LEARNING,,,,
Political Science Research and Methods,2020,5,"CL Struthers, C Hare, R Bakker",Bridging the pond: measuring policy positions in the United States and Europe,go to paper,https://www.cambridge.org/core/journals/political-science-research-and-methods/article/bridging-the-pond-measuring-policy-positions-in-the-united-states-and-europe/8DD5286EDEE05E10880C871EC9DCBA5C,FALSE,FALSE,,FALSE,FALSE,FALSE,NO MACHINE LEARNING,,,,
Political Science Research and Methods,2020,2,M Torres,Estimating controlled direct effects through marginal structural models,go to paper,https://www.cambridge.org/core/journals/political-science-research-and-methods/article/estimating-controlled-direct-effects-through-marginal-structural-models/699FF00ECEA7F2528A4F2C9F5AD95E01,FALSE,FALSE,,FALSE,FALSE,FALSE,NO MACHINE LEARNING,,,,
Political Science Research and Methods,2020,4,"A Herzog, SJ Mikhaylov",Intra-cabinet politics and fiscal governance in times of austerity,go to paper,https://www.cambridge.org/core/journals/political-science-research-and-methods/article/intracabinet-politics-and-fiscal-governance-in-times-of-austerity/7723B6BD19000E47E908F30FAD9D193C,FALSE,FALSE,,FALSE,FALSE,FALSE,NO MACHINE LEARNING,,,,
Political Science Research and Methods,2020,2,J Stuckatz,Political alignment between firms and employees in the United States: evidence from a new dataset,go to paper,https://www.cambridge.org/core/journals/political-science-research-and-methods/article/political-alignment-between-firms-and-employees-in-the-united-states-evidence-from-a-new-dataset/0BFC112803DD52C47E04DA476B0E0C68,FALSE,FALSE,,FALSE,FALSE,FALSE,NO MACHINE LEARNING,,,,
Political Science Research and Methods,2020,41,"L Keele, RT Stevenson, F Elwert",The causal interpretation of estimated associations in regression models,go to paper,https://www.cambridge.org/core/journals/political-science-research-and-methods/article/causal-interpretation-of-estimated-associations-in-regression-models/4488EC8925CF8F623CDE655E01268F6F,FALSE,FALSE,,FALSE,FALSE,FALSE,NO MACHINE LEARNING,,,,
Political Science Research and Methods,2020,2,J de Benedictis-Kessner,Strategic government communication about performance,go to paper,https://www.cambridge.org/core/journals/political-science-research-and-methods/article/strategic-government-communication-about-performance/E8B7F48CA23E2FA883D22FF2D5A52B02,TRUE,TRUE,Unsupervised,TRUE,FALSE,FALSE,"K=45 # Other numbers of topics in appendix
 -> this code is not public; use structural topic models (STMs) (Roberts et al., Reference Roberts, Stewart, Tingley, Lucas, Leder-Luis, Gadarian, Albertson and Rand2014), a form of unsupervised machine learning,",Repo: https://dataverse.harvard.edu/dataset.xhtml?persistentId=doi:10.7910/DVN/HZYFRI ,,,
American Political Science Review,2021,5,"T B√∏ggild, L Aar√∏e, MB Petersen",Citizens as complicits: distrust in politicians and biased social dissemination of political information,go to paper,https://www.cambridge.org/core/journals/american-political-science-review/article/citizens-as-complicits-distrust-in-politicians-and-biased-social-dissemination-of-political-information/6FFAAA8B6795C565C9FE4E93D049CA9E,TRUE,TRUE,,TRUE,FALSE,FALSE,"""Triangulating across raw word count indicators, measures derived from automated content analysis with machine learning"" MN: I don't understand at all what this should mean. Assuming this means some sort of ML was used there is definitely no code or hyperparameter tuning


Hyperparameter tuning of lambda through cv.glmnet. Doubts about evaluation --> MA thesis anyone?",,,,
American Political Science Review,2021,0,"R Zubek, A Dasgupta, D Doyle",Measuring the Significance of Policy Outputs with Positive Unlabeled Learning,go to paper,https://www.cambridge.org/core/journals/american-political-science-review/article/measuring-the-significance-of-policy-outputs-with-positive-unlabeled-learning/9A58F886F6CB998BADD2ADC32FD01B89,TRUE,TRUE,Supervised,TRUE,FALSE,TRUE,"SVM / ""At each SVM iteration, we determine the best regularization parameter C by doing a
5-fold cross validation with a grid search over a range of values.""",,"What about kernel??? We use a C grid of {10‚â†2, 10‚â†1,..., 1010}.",,
American Political Science Review,2021,3,"AM Jacobs, JS Matthews, T Hicks‚Ä¶",Whose News? Class-Biased Economic Reporting in the United States,go to paper,https://www.cambridge.org/core/journals/american-political-science-review/article/whose-news-classbiased-economic-reporting-in-the-united-states/1D4BE72D76707973491EB36C36FE9D0B,TRUE,TRUE,Supervised,TRUE,FALSE,FALSE," pipeline = Pipeline([
        ('features', svm_feature_transform(n_text_features, featuremix)),
        ('svm', SVC(random_state=random_state,
                    degree=degree,
                    class_weight='balanced' if balanced
                    else {1: weight_positive, 0: weight_negative},
                    kernel=kernel))])
    return GridSearchCV(pipeline, cv=5,
                        param_grid={'svm__C': cf['model.svm_C_range']} if
                        kernel == 'linear' else  # rbf or poly
                        {'svm__C': cf['model.svm_C_range'],
                         'svm__gamma': cf['model.svm_gamma_range']})",nothing mentioned in the paper at all,,,
American Political Science Review,2021,15,"K Bansak, MM Bechtel, Y Margalit",Why austerity? The mass politics of a contested policy,go to paper,https://www.cambridge.org/core/journals/american-political-science-review/article/why-austerity-the-mass-politics-of-a-contested-policy/18BB0AFFA94DD800D52024EA0A1333FE,TRUE,TRUE,Supervised,TRUE,FALSE,FALSE,"XGBoost CV tuning /""The tuning parameter
values‚Äîincluding the interaction depth and number of boosting iterations (the early stopping point)‚Äîare selected via 5-fold cross-validation.""",,,,
Political Analysis,2021,4,"MJ Cohen, Z Warner",How to get better survey data more efficiently,go to paper,https://www.cambridge.org/core/journals/political-analysis/article/how-to-get-better-survey-data-more-efficiently/6BA27F34CDE007EA8D1AD6692F2E8E60,TRUE,TRUE,Supervised,TRUE,FALSE,FALSE,"trainControl R package with random search -> 36 models -> ""Each model‚Äôs optimal hyperparameters are chosen by maximizing the area under the curve (AUC)""",,,,
Political Analysis,2021,30,"P Barber√°, AE Boydstun, S Linn, R McMahon‚Ä¶",Automated text classification of news articles: A practical guide,go to paper,https://www.cambridge.org/core/journals/political-analysis/article/automated-text-classification-of-news-articles-a-practical-guide/10462DB284B1CD80C0FAE796AD786BC6,TRUE,TRUE,Supervised,TRUE,FALSE,FALSE,Logisticregression / cross-validation alpha tuning / cross-validation alpha tuning,,No informaton about alpha in paper/appendix,,
Political Analysis,2021,4,"A Acharya, K Bansak, J Hainmueller",Combining Outcome-Based and Preference-Based Matching: A Constrained Priority Mechanism,go to paper,https://www.cambridge.org/core/journals/political-analysis/article/combining-outcomebased-and-preferencebased-matching-a-constrained-priority-mechanism/7B159412B53FF81769F32BF55E2FCB94,TRUE,TRUE,Supervised,TRUE,FALSE,FALSE,"""Tuning parameter values, including the interaction depth, learning rate, and number of boosting iterations (the early stopping point) are selected via cross-validation within the training data for each location-specific model.""",Repo: https://dataverse.harvard.edu/dataset.xhtml?persistentId=doi:10.7910/DVN/29362 ,,,
Political Analysis,2021,0,"J Di Cocco, B Monechi",How Populist are Parties? Measuring Degrees of Populism in Party Manifestos Using Supervised Machine Learning,go to paper,https://www.cambridge.org/core/journals/political-analysis/article/how-populist-are-parties-measuring-degrees-of-populism-in-party-manifestos-using-supervised-machine-learning/1D6141AAAE400ADAD9935044A0719B32,TRUE,TRUE,Supervised,TRUE,TRUE,TRUE,we used a Random Forest classification algorithm / to let the model learn to make the prediction and tune its hyperparameters using K-Fold cross-validation,,Great example on how to report search ranges/HP selection,,
Political Analysis,2021,5,"M Torres, F Cant√∫",Learning to See: Convolutional Neural Networks for the Analysis of Social Science Data,go to paper,https://www.cambridge.org/core/journals/political-analysis/article/learning-to-see-convolutional-neural-networks-for-the-analysis-of-social-science-data/7417AE7F021C92CA32DC04D4D4282B90,TRUE,TRUE,Supervised,TRUE,TRUE,TRUE,"Grid Search! We ran several iterations of the model, each of them combining different values of the following hyperparameters: number of convolutional layers, number of filters in each layer, dropout rate, size of the fully connected layers, and number of epochs.",,,,
Political Analysis,2021,0,"E Porter, YR Velez",Placebo Selection in Survey Experiments: An Agnostic Approach,go to paper,https://www.cambridge.org/core/journals/political-analysis/article/placebo-selection-in-survey-experiments-an-agnostic-approach/ED392B180460E23BBA5AA4D8B767CF53,FALSE,FALSE,,FALSE,FALSE,FALSE,NO MACHINE LEARNING,,,,
Political Analysis,2021,0,"L Ying, JM Montgomery, BM Stewart","Topics, Concepts, and Measurement: A Crowdsourced Procedure for Validating Topics as Measures",go to paper,https://www.cambridge.org/core/journals/political-analysis/article/topics-concepts-and-measurement-a-crowdsourced-procedure-for-validating-topics-as-measures/F28DC93AFD4C8DE63CC235BC6D684257,FALSE,FALSE,,FALSE,FALSE,FALSE,NO MACHINE LEARNING,,,,
Political Analysis,2021,0,"AR Kaufman, A Klevs",Adaptive Fuzzy String Matching: How to Merge Datasets with Only One (Messy) Identifying Field,go to paper,https://www.cambridge.org/core/journals/political-analysis/article/adaptive-fuzzy-string-matching-how-to-merge-datasets-with-only-one-messy-identifying-field/275D7890548359215AC728C1E35B53CE,FALSE,FALSE,,FALSE,FALSE,FALSE,NO MACHINE LEARNING,,,,
Political Analysis,2021,1,"A Erlich, SG Dantas, BE Bagozzi, D Berliner‚Ä¶",Multi-Label Prediction for Political Text-as-Data,go to paper,https://www.cambridge.org/core/journals/political-analysis/article/multilabel-prediction-for-political-textasdata/0EC24DBB4E3854EBE0AD247DCB27F828,TRUE,TRUE,Supervised,TRUE,FALSE,TRUE,"Only few hyperparameters tested (1-2 per model), models in replication code use the tuned params but no code of the tuning available / All relevant text processing steps that were applied to the raw texts prior to classification‚Äîand the hyperparameters used for each model‚Äîare described in the Supplementary Material,  For the second BR variant, we perform a grid search to find the best performing classifier and corresponding hyperparameters for each label.",,"Not all HPs tested, ranges rather small. HP Table with ranges in Appendix.",,
Political Analysis,2021,9,"M Blackwell, MP Olson",Reducing model misspecification and bias in the estimation of interactions,go to paper,https://www.cambridge.org/core/journals/political-analysis/article/reducing-model-misspecification-and-bias-in-the-estimation-of-interactions/DE5AB7EB87CA53142448D7F55D6517DB,TRUE,TRUE,,TRUE,FALSE,FALSE,"In this paper, we explore the usefulness of machine learning algorithms for stabilizing / ""and show how many off-the-shelf adaptive methods lead to two forms of bias:""",,,,
American Political Science Review,2021,21,"D Knox, C Lucas",A dynamic model of speech for the social sciences,go to paper,https://www.cambridge.org/core/journals/american-political-science-review/article/dynamic-model-of-speech-for-the-social-sciences/9A70EE345AFC44C58CC0AFB6C2944698,FALSE,FALSE,,FALSE,FALSE,FALSE,NO MACHINE LEARNING,,,,
American Political Science Review,2021,0,"AO BALLARD, JM CURRY",Minority Party Capacity in Congress,go to paper,https://www.cambridge.org/core/journals/american-political-science-review/article/minority-party-capacity-in-congress/D4E19CD2FD32EA4DAAF999CEF64FB3BA,FALSE,FALSE,,FALSE,FALSE,FALSE,NO MACHINE LEARNING,,,,
Political Analysis,2021,2,"JC Timoneda, E Wibbels",Spikes and Variance: Using Google Trends to Detect and Forecast Protests,go to paper,https://www.cambridge.org/core/journals/political-analysis/article/spikes-and-variance-using-google-trends-to-detect-and-forecast-protests/952C6EB342A7CC71A7D079F1A5624A5D,TRUE,TRUE,Supervised,TRUE,TRUE,FALSE,we use gradient boosting (gbm) to circumvent known pitfalls of logistic regression with highly imbalanced outcome variables,,,,
American Political Science Review,2021,3,"M Wahman, N Frantzeskakis‚Ä¶",From Thin to Thick Representation: How a Female President Shapes Female Parliamentary Behavior,go to paper,https://www.cambridge.org/core/journals/american-political-science-review/article/from-thin-to-thick-representation-how-a-female-president-shapes-female-parliamentary-behavior/5C420313B44053F24BC903D3E11C743B,TRUE,TRUE,Supervised,TRUE,TRUE,FALSE,"BERT NLP / We make use of an original dataset of Malawi parliamentary speeches during the period 1999‚Äì2014 (covering close to 110,000 speeches) created by using innovative machine learning techniques.",,,,
Political Analysis,2021,13,"IS Kim, D Kunisky",Mapping political communities: A statistical analysis of lobbying networks in legislative politics,go to paper,https://www.cambridge.org/core/journals/political-analysis/article/mapping-political-communities-a-statistical-analysis-of-lobbying-networks-in-legislative-politics/C690FA3F7B593AE411E160658C16C556,FALSE,FALSE,,FALSE,FALSE,FALSE,NO MACHINE LEARNING,,,,
Political Analysis,2021,10,"M Vannoni, E Ash, M Morelli",Measuring discretion and delegation in legislative texts: methods and application to US states,go to paper,https://www.cambridge.org/core/journals/political-analysis/article/measuring-discretion-and-delegation-in-legislative-texts-methods-and-application-to-us-states/281BC160DE55EE6A214C570F713EFC6A,FALSE,FALSE,,FALSE,FALSE,FALSE,NO MACHINE LEARNING,,,,
Political Analysis,2021,0,"T Enamorado, G L√≥pez-Moctezuma, M Ratkovic",Scaling Data from Multiple Sources,go to paper,https://www.cambridge.org/core/journals/political-analysis/article/scaling-data-from-multiple-sources/1F9D30D8DDCE44379E8B962C29DADBAB,FALSE,FALSE,,FALSE,FALSE,FALSE,NO MACHINE LEARNING,Repo: https://dataverse.harvard.edu/dataset.xhtml?persistentId=doi:10.7910/DVN/XTAEY9 ,NOT SURE WHERE THEY USE ML! While the technique we use is based on a well-known implementation of supervised machine-learning,check,
Political Analysis,2021,3,N Egami,Spillover Effects in the Presence of Unobserved Networks,go to paper,https://www.cambridge.org/core/journals/political-analysis/article/spillover-effects-in-the-presence-of-unobserved-networks/7E6A1B9CD87C32A61B0568F838F96C3E,FALSE,FALSE,,FALSE,FALSE,FALSE,NO MACHINE LEARNING,,,,
American Political Science Review,2021,1,"M OSNABR√úGGE, SB HOBOLT‚Ä¶",Playing to the Gallery: Emotive Rhetoric in Parliaments,go to paper,https://www.cambridge.org/core/journals/american-political-science-review/article/playing-to-the-gallery-emotive-rhetoric-in-parliaments/2A47C797136261391DA27F3A16F64886,TRUE,TRUE,Both,TRUE,FALSE,FALSE,no relevant code found./ We train a machine learning system on the annotated manifesto corpus,,,,
Political Analysis,2021,8,"C Fong, M Tyler",Machine learning predictions as regression covariates,go to paper,https://www.cambridge.org/core/journals/political-analysis/article/machine-learning-predictions-as-regression-covariates/462A74A46A97C20A17CF640BDA72B826,TRUE,TRUE,Supervised,TRUE,FALSE,FALSE,"""tuned"" the number of observations in train/test/validation split for GMM, no tuning for SVM / ""train a support vector machine as  implemented in the e1071 R package"", GMM model / file reddit_classifier.R -> # Train the classifier on the trianing set
svmfit <- svm(x = sztrain, y = factor(xtrain), class.weights = cwts)",,,,
Political Analysis,2021,5,"M Seb≈ëk, Z Kacsuk",The multiclass classification of newspaper articles with machine learning: The hybrid binary snowball approach,go to paper,https://www.cambridge.org/core/journals/political-analysis/article/multiclass-classification-of-newspaper-articles-with-machine-learning-the-hybrid-binary-snowball-approach/CA44B0B5CD053D8C5B00BE7994A90C20,TRUE,TRUE,Supervised,TRUE,FALSE,FALSE,"tuning mentioned in future work ""...as well as grid searches of parameters could contribute to the fine-tuning of HBS to project-specific needs."" / Bagging approach - use voting of 7 SVMs",,,,
Political Science Research and Methods,2021,4,BJ Radford,Automated dictionary generation for political eventcoding,go to paper,https://www.cambridge.org/core/journals/political-science-research-and-methods/article/automated-dictionary-generation-for-political-eventcoding/D89165E7FE7F9BE796DB9EDACFE4B8DB,TRUE,TRUE,Both,TRUE,TRUE,FALSE,This technique leverages recent advances in natural language processing and machine learning,,"The word2vec model was trained on a convenience sample of cybersecurity news data from a number of sources. The model is trained according to the gensim default parameters except min_count 10, window 10, and vector size 300. / 2For the ICEWS-based models, the min_count parameter is set to 3 and the vector
size parameter is set to 300. Other parameters are left at the default values.",,
Political Science Research and Methods,2021,7,"D Muchlinski, X Yang, S Birch‚Ä¶",We need to go deeper: measuring electoral violence using convolutional neural networks and social media,go to paper,https://www.cambridge.org/core/journals/political-science-research-and-methods/article/we-need-to-go-deeper-measuring-electoral-violence-using-convolutional-neural-networks-and-social-media/808197D6EDA72699670325B6320EA5B9,TRUE,TRUE,Supervised,TRUE,FALSE,FALSE,the parameter c was tuned using five fold cross-validation,,,,
Political Science Research and Methods,2021,0,L Blaydes,Authoritarian media and diversionary threats: lessons from 30 years of Syrian state discourse,go to paper,https://www.cambridge.org/core/journals/political-science-research-and-methods/article/authoritarian-media-and-diversionary-threats-lessons-from-30-years-of-syrian-state-discourse/2CAB19CFAD58B5E2F2E44EDDFA0F68D4,FALSE,FALSE,,FALSE,FALSE,FALSE,NO MACHINE LEARNING,,,,
Political Science Research and Methods,2021,79,"DR Rice, C Zorn",Corpus-based dictionaries for sentiment analysis of specialized vocabularies,go to paper,https://www.cambridge.org/core/journals/political-science-research-and-methods/article/corpusbased-dictionaries-for-sentiment-analysis-of-specialized-vocabularies/AE4112A00FF6474F649ED53BCAEEEEE9,FALSE,FALSE,,FALSE,FALSE,FALSE,NO MACHINE LEARNING,,,,
Political Science Research and Methods,2021,3,J Crosson,"Extreme districts, moderate winners: Same-party challenges, and deterrence in top-two primaries",go to paper,https://www.cambridge.org/core/journals/political-science-research-and-methods/article/extreme-districts-moderate-winners-sameparty-challenges-and-deterrence-in-toptwo-primaries/3237E8B7DED448344C1D46E11D71C41A,FALSE,FALSE,,FALSE,FALSE,FALSE,NO MACHINE LEARNING,,,,
Political Science Research and Methods,2021,0,"S Minhas, C Dorff, M Gallop, M Foster‚Ä¶",Taking Dyads Seriously,go to paper,http://repository.essex.ac.uk/id/eprint/31197,FALSE,FALSE,,FALSE,FALSE,FALSE,NO MACHINE LEARNING,,,,
Political Science Research and Methods,2021,0,"F Christia, SI Zoumpoulis, M Freedman‚Ä¶",The effect of drone strikes on civilian communication: evidence from Yemen,go to paper,https://www.cambridge.org/core/journals/political-science-research-and-methods/article/effect-of-drone-strikes-on-civilian-communication-evidence-from-yemen/38480475B14669666FEC6C72BE93BD8A,FALSE,FALSE,,FALSE,FALSE,FALSE,NO MACHINE LEARNING,,,,
Political Science Research and Methods,2021,0,"KD Funk, HL Paul, AQ Philips",Point break: using machine learning to uncover a critical mass in women's representation,go to paper,https://www.cambridge.org/core/journals/political-science-research-and-methods/article/point-break-using-machine-learning-to-uncover-a-critical-mass-in-womens-representation/B33007B7410732EF16B0D0C76770672D,TRUE,TRUE,Supervised,TRUE,TRUE,TRUE,"-> Tuning not available in replication archive / This study contributes to the debate using supervised tree-based machine learning / 3 These hyperparameters were selected via cross-validation using a grid search, where B = {200,  300,  ‚Ä¶,  700}, m = {2,  4,  ‚Ä¶,  30}, and terminal node size ({1,  3,  ‚Ä¶,  11}).",,,,
